decimalLatitude,decimalLongitude
25.533826,-80.49247
25.500386,-80.444458
25.733522,-80.253783
27.469821,-80.291562
25.79575,-80.185822
25.611022,-80.40217
27.423838,-80.352945
25.125672,-80.407845
25.500334,-80.444308
25.468711,-80.477557
25.717695,-80.296917
25.698335,-80.305172
25.611483,-80.398582
25.705545,-80.398405
25.500751,-80.444086
25.610604,-80.397357
26.953313,-80.082939
27.452304,-80.32865
25.619281,-80.321459
25.6739,-80.461922
25.447333,-80.502194
27.184396,-80.3274
27.249924,-80.399132
25.590881,-80.419886
25.609722,-80.399444
25.681149,-80.272341
29.682178,-82.605459
25.125002,-80.405567
27.22803,-80.212998
25.63019,-80.35833
25.610971,-80.397847
27.576081,-80.595712
27.241254,-80.371322
27.091099,-80.296106
25.75495,-80.378088
26.978742,-80.082878
25.122894,-80.407889
25.677317,-80.273943
25.3824,-80.606461
25.663968,-80.407244
26.9398,-82.0269
25.680517,-80.273017
27.065489,-81.105089
25.743604,-80.210711
27.67407,-80.406717
25.604849,-80.396541
27.755427,-80.421403
25.743423,-80.21141
27.130653,-80.169474
25.300809,-80.705628
27.225415,-80.224332
25.659045,-80.383721
25.85771,-80.178974
25.62953,-80.358955
25.351442,-80.458818
26.099006,-80.314536
25.125164,-80.405869
25.4479,-80.475796
26.098872,-80.3154
25.024304,-80.495004
25.463142,-80.34623
25.794274,-80.185514
27.384693,-82.55737
25.53545,-80.542687
25.677636,-80.275569
27.017536,-80.110375
25.124595,-80.402736
25.534938,-80.493605
25.731189,-80.398942
25.826015,-80.263199
25.719461,-80.27797
25.679278,-80.272908
25.758653,-80.373213
25.759825,-80.373725
25.723008,-80.28
25.791361,-80.211153
27.653319,-80.355414
25.426895,-80.501708
25.737906,-80.309653
27.629358,-80.389036
25.614778,-80.308678
25.681652,-80.272033
27.613805,-80.347245
25.701706,-80.453503
25.67752,-80.275637
25.920286,-80.137948
25.793092,-80.211797
25.44789,-80.479224
25.446638,-80.484275
25.624533,-80.375672
25.465004,-80.334479
25.611625,-80.400913
25.720913,-80.258452
27.137525,-80.23993
25.719298,-80.278105
27.008738,-80.112706
25.738388,-80.22594
25.681688,-80.271897
25.669978,-80.286308
25.679917,-80.274322
25.447512,-80.501785
25.674879,-80.375332
25.778007,-80.130647
25.743183,-80.211358
25.743555,-80.210992
25.124596,-80.405733
25.44363,-80.473654
27.586366,-80.422916
25.099445,-80.435555
25.375802,-80.760047
25.74406,-80.210453
25.629362,-80.358488
25.200236,-80.31443
26.1156,-81.7551
25.686852,-80.366
25.609741,-80.398651
25.634896,-80.337876
25.126082,-80.406269
25.668737,-80.378272
27.31504,-80.355506
25.613017,-80.373497
27.152747,-80.244658
25.668355,-80.433778
27.442937,-80.272561
25.542165,-80.403654
25.478175,-80.430305
25.7424,-80.213647
25.679583,-80.274356
25.748587,-80.766924
25.657991,-80.383893
25.443891,-80.47574
25.678203,-80.275019
25.125206,-80.406045
25.447628,-80.501928
25.63238,-80.314967
25.720647,-80.32151
27.160167,-80.269112
27.16396,-80.193269
25.681634,-80.271884
27.472737,-80.285789
25.12503,-80.406327
27.425277,-80.358197
25.61478,-80.249691
28.13204,-80.62709
25.125427,-80.405678
25.125187,-80.406623
27.2701,-80.20385
25.574202,-80.453538
25.481505,-80.48267
25.610867,-80.398057
27.688766,-80.412833
25.121335,-80.405395
26.938758,-80.199989
25.70702,-80.260497
25.744095,-80.210476
26.891442,-80.06703
25.743645,-80.211886
25.555069,-80.390127
26.275017,-80.152069
25.395335,-80.58374
27.521298,-80.311209
25.765938,-80.257963
27.830219,-80.487606
25.677093,-80.274254
25.627305,-80.407562
25.6817,-80.271881
25.393758,-80.50097
27.954262,-82.402083
25.463597,-80.333497
28.54057,-82.408103
26.817587,-80.475283
27.47406,-80.313193
25.605811,-80.397492
27.264991,-80.201096
25.744238,-80.209983
25.125832,-80.40596
25.706783,-80.297622
27.202057,-80.202996
25.429942,-80.589969
25.495909,-80.493363
26.934362,-80.092803
25.609506,-80.285485
27.632487,-80.356675
25.604844,-80.429259
25.719455,-80.277847
25.474749,-80.445423
25.42712,-80.459882
25.743942,-80.210422
25.692542,-80.370658
25.744348,-80.210524
25.644132,-80.338636
25.791327,-80.21122
26.010573,-80.136473
25.719442,-80.2771
25.125084,-80.405724
27.243448,-80.830144
25.600943,-80.403795
25.467699,-80.520418
25.629545,-80.358955
26.190954,-81.68796
26.587861,-80.106443
25.720862,-80.278757
25.691167,-80.426932
27.277942,-80.319053
28.010119,-82.138322
28.433339,-81.71063
25.448257,-80.474343
28.144395,-81.075471
25.678154,-80.273676
25.43483,-80.494219
25.124591,-80.406179
25.760241,-80.795409
28.421808,-81.372222
26.877123,-80.052473
27.469488,-80.291412
25.71036,-80.284736
25.75695,-80.765278
27.432691,-80.323313
27.162256,-80.337412
25.124639,-80.406028
25.656537,-80.441403
25.593908,-80.341425
27.686155,-80.408469
27.20619,-80.205034
27.242686,-80.281367
25.125246,-80.406076
25.446751,-80.502473
28.135342,-80.631931
27.60065,-80.339604
27.282765,-80.44831
25.743971,-80.210571
25.62953,-80.358505
27.731331,-80.891076
26.987297,-80.60669
27.691033,-80.374413
25.788574,-80.128312
25.733214,-80.386655
25.70418,-80.347088
25.720155,-80.277468
25.670204,-80.286104
25.718655,-80.278328
25.462951,-80.346191
25.729446,-80.433348
25.752263,-80.304299
25.743778,-80.210695
25.677633,-80.275531
25.880183,-80.458453
27.423321,-80.35892
27.425272,-80.358195
25.694018,-80.373105
26.822357,-80.0431
25.581925,-80.48938
25.771316,-80.336535
27.200001,-80.239998
25.548775,-80.442262
27.618422,-80.435768
25.600912,-80.380311
25.439327,-80.506334
25.681692,-80.272122
25.771487,-80.140169
25.743985,-80.210532
25.605728,-80.397433
25.751628,-80.225403
25.677157,-80.275538
25.610355,-80.398138
27.377419,-80.307892
25.681572,-80.271919
25.12508,-80.406659
27.422254,-80.356989
25.746025,-80.205811
25.464275,-80.33548
25.795795,-80.365632
27.446706,-80.325606
25.38243,-80.609542
25.405173,-80.502112
25.663961,-80.407204
25.74409,-80.210484
25.685988,-80.393977
27.126331,-80.341347
25.500615,-80.444298
25.70419,-80.34435
25.690261,-80.368423
25.740238,-80.221925
25.027536,-80.492753
26.93275,-80.085186
25.698163,-80.333437
28.10895,-80.699522
28.68695,-80.877342
27.224112,-80.273872
25.768818,-80.188119
26.933678,-82.054747
27.446706,-80.325606
25.500378,-80.444612
28.120272,-80.703736
25.113694,-80.416936
27.356829,-80.350947
27.464681,-80.421812
25.677233,-80.27481
27.205591,-80.195318
27.243347,-80.830291
25.678361,-80.274869
25.12508,-80.406026
25.646761,-80.406937
25.763013,-80.280762
27.561461,-80.32282
24.97338,-80.475118
25.0278,-80.492676
25.442112,-80.533931
27.469804,-80.291551
25.605322,-80.398033
25.72056,-80.279053
25.743578,-80.211127
25.605334,-80.398853
25.942333,-80.147133
25.465224,-80.334648
25.661602,-80.306374
25.522884,-80.491567
25.447308,-80.501892
25.743963,-80.211953
25.610662,-80.397867
27.352128,-80.245347
24.692353,-81.085384
27.229238,-80.298096
24.817482,-80.82209
25.736279,-80.301235
27.254541,-80.22977
25.625813,-80.44742
25.677772,-80.275442
27.201612,-80.256653
25.678742,-80.273651
27.470559,-80.29024
25.891481,-81.270859
25.762005,-80.25747
26.978784,-80.082939
25.743553,-80.211179
25.74486,-80.210191
27.271439,-80.320917
25.463496,-80.346634
25.626305,-80.447983
26.690954,-80.057749
27.277392,-80.387245
25.67908,-80.256295
26.198682,-81.688429
25.443645,-80.473736
25.125117,-80.406503
25.540092,-80.327667
25.678612,-80.273612
25.582617,-80.324285
25.678989,-80.274866
28.841911,-81.672335
27.229252,-80.298132
27.215428,-80.178219
25.500601,-80.444236
27.243608,-80.226975
25.70668,-80.26023
25.464337,-80.33551
25.624335,-80.37453
25.484259,-80.653094
25.564493,-80.424815
25.447017,-80.501732
26.934517,-80.119728
25.54007,-80.327713
25.113694,-80.416936
25.604588,-80.39722
27.132538,-80.205421
27.126437,-80.341132
27.160833,-80.337219
25.761528,-80.372528
25.465686,-80.32916
26.980333,-80.085599
25.085556,-80.441389
25.125095,-80.405438
25.629703,-80.358658
25.718349,-80.278121
25.677697,-80.275515
25.731314,-80.398911
25.72475,-80.240403
24.979937,-80.570038
25.678816,-80.273834
25.520849,-80.494549
25.611154,-80.398142
26.951047,-82.060555
25.603131,-80.398463
25.746942,-80.388397
25.682734,-80.347985
24.594679,-81.662117
27.314759,-80.407542
25.678742,-80.273651
27.273334,-80.358226
25.442448,-80.474263
25.676325,-80.272846
27.109556,-80.258576
25.681667,-80.271794
25.426265,-80.475931
25.477308,-80.424325
25.600857,-80.406165
25.636189,-80.33696
25.74434,-80.211816
25.785,-80.2575
27.222695,-81.342176
25.692822,-80.368797
25.614263,-80.308058
27.418397,-80.323808
25.609942,-80.397575
25.681037,-80.444108
25.610353,-80.397187
25.090634,-80.440573
25.464725,-80.345698
27.244721,-80.311557
25.677742,-80.275317
25.743253,-80.211578
25.125246,-80.406076
25.6764,-80.389555
25.124886,-80.405372
25.664647,-80.406975
25.60333,-80.310562
25.447123,-80.501657
27.614778,-80.418787
25.125246,-80.406076
25.795745,-80.186363
26.06632,-80.209275
25.611563,-80.339875
25.574834,-80.451122
26.94365,-80.073066
25.679228,-80.256602
25.74395,-80.210465
27.215463,-80.178385
25.125072,-80.40583
25.447139,-80.502075
27.47029,-80.333768
25.678447,-80.274192
25.744289,-80.210461
25.464612,-80.333894
25.744189,-80.211022
25.12525,-80.405787
25.468996,-80.479374
25.695417,-80.334013
25.67888,-80.273505
25.981113,-80.24893
25.678742,-80.273651
25.125257,-80.406076
25.67723,-80.273138
25.041236,-80.497347
25.670033,-80.285881
25.791471,-80.211269
25.714277,-80.413987
24.980358,-80.549462
27.521837,-80.397534
25.678742,-80.273651
25.680837,-80.315688
27.209623,-80.173733
25.545367,-80.47975
25.680971,-80.27255
28.70825,-80.887968
25.681933,-80.271886
25.025602,-80.493665
27.225476,-80.258993
25.75522,-80.371972
25.681759,-80.473719
25.718155,-80.296325
27.258224,-80.202179
25.492665,-80.542385
26.942192,-82.030105
25.468722,-80.477557
27.749442,-80.434883
25.125053,-80.405744
25.601295,-80.39428
25.661461,-80.386284
27.63136,-80.389577
27.247058,-80.193565
25.731275,-80.398881
25.4741,-80.456405
25.857291,-80.175668
26.445097,-81.928275
27.535342,-80.358847
27.126199,-80.341151
27.01888,-80.37956
25.681738,-80.271883
25.126892,-80.408843
25.444122,-80.473958
25.733334,-80.249812
25.124728,-80.405992
27.459388,-80.28788
27.637783,-80.518495
27.661608,-80.393732
27.464387,-80.421445
25.786673,-80.129656
25.682047,-80.398603
25.44789,-80.479224
25.719554,-80.278795
25.72323,-80.280227
25.788873,-80.213283
25.686446,-80.443948
27.251885,-80.228656
25.078766,-80.442566
25.500334,-80.444308
25.628732,-80.338368
25.709906,-80.22906
25.74317,-80.211425
25.69718,-80.321613
25.718496,-80.278145
25.67845,-80.274322
25.729188,-80.325675
25.027221,-80.492814
26.507249,-80.051317
26.185232,-81.703516
25.462207,-80.337728
27.413705,-80.27078
25.719404,-80.277108
25.807892,-80.136969
25.382042,-80.608392
27.418609,-80.323825
27.42388,-80.326317
27.197548,-80.252826
25.410511,-80.578357
26.978783,-80.08293
27.229238,-80.298096
25.614283,-80.306672
25.743176,-80.211369
25.46294,-80.346169
27.478727,-80.301055
26.120222,-80.131814
25.464411,-80.335217
27.1375,-80.2394
25.72922,-80.3256
25.443459,-80.474223
25.754604,-80.371622
25.719228,-80.278817
27.145709,-80.175367
25.678567,-80.273675
25.125211,-80.40622
25.681688,-80.271897
26.882537,-80.117844
25.743902,-80.210525
27.749445,-80.434905
26.895868,-82.052963
27.093515,-81.948273
25.44412,-80.473995
25.677972,-80.275337
25.748326,-80.212332
27.211223,-80.182207
25.679743,-80.274499
25.692063,-80.448112
25.718556,-80.278446
25.660833,-80.478611
27.470056,-80.293006
25.673328,-80.286142
27.109527,-80.285904
25.499529,-80.407517
25.446812,-80.502013
25.45707,-80.4765
25.686849,-80.386095
25.026759,-80.493275
25.677843,-80.263069
27.448464,-80.321367
25.605275,-80.398147
25.605867,-80.397285
27.685792,-80.397055
27.021497,-80.466788
25.601308,-80.405746
25.503974,-80.42104
25.665478,-80.375437
25.605749,-80.397451
27.202187,-80.257304
27.59075,-80.291685
27.193768,-80.259476
25.718913,-80.774815
25.611137,-80.40213
25.444115,-80.474013
25.169202,-80.376815
25.465731,-80.334281
25.67723,-80.273138
25.732739,-80.320818
27.378555,-80.394403
25.609644,-80.39822
25.426842,-80.501702
25.670535,-80.432862
26.248817,-80.142769
25.767897,-80.188481
25.125089,-80.405783
26.43444,-81.924884
27.228003,-80.212638
25.533794,-80.49188
25.608287,-80.399641
27.447741,-80.630501
25.464292,-80.335
25.678666,-80.274186
25.447313,-80.502075
25.677122,-80.27449
26.886808,-80.063856
25.125315,-80.406103
25.446726,-80.479544
28.545125,-81.376046
25.461159,-80.500949
27.690108,-80.413283
27.412391,-82.571238
27.810603,-80.464492
27.412174,-80.315526
27.250831,-80.19465
27.561593,-80.323553
25.74194,-80.21174
25.719372,-80.278162
27.22704,-80.213883
25.907,-80.194547
24.668975,-81.387509
25.458655,-80.518387
27.13767,-80.239762
27.059217,-80.13623
25.484567,-80.454147
25.760241,-80.795409
25.76537,-80.25855
25.719412,-80.278008
25.528087,-80.50044
25.678143,-80.27381
25.732116,-80.317049
25.125246,-80.406076
25.709769,-80.439703
25.610839,-80.398615
27.290141,-80.362673
25.021751,-80.507284
27.63845,-80.385603
25.39537,-80.584258
27.036679,-80.111684
25.47644,-80.477898
25.629138,-80.34295
25.627723,-80.383213
26.729742,-81.90518
25.679818,-80.272799
27.431642,-80.318633
25.609953,-80.397246
25.610642,-80.397863
25.744205,-80.210932
25.610253,-80.397247
25.719472,-80.277992
25.710501,-80.389349
26.935442,-80.126702
27.407199,-80.326124
27.163479,-80.193598
25.743245,-80.21152
27.077881,-80.144294
27.210404,-80.172009
25.674891,-80.375394
27.24423,-80.311937
27.014728,-80.536653
27.217735,-80.275891
26.978801,-80.082986
25.545737,-80.433027
25.534922,-80.493858
27.149004,-80.168833
25.59977,-80.405228
25.676416,-80.275859
27.205226,-80.391716
27.161111,-80.341111
25.731281,-80.398872
25.78374,-80.127854
25.614194,-80.401819
25.572403,-80.375083
25.658397,-80.383604
25.605729,-80.397426
25.751505,-80.371887
27.219305,-80.263138
25.606343,-80.40068
25.383659,-80.347856
25.445744,-80.475439
25.677855,-80.275422
25.805234,-80.337751
25.500615,-80.444298
29.893709,-81.316562
27.252497,-80.221348
25.539996,-80.372368
25.692398,-80.367888
27.627075,-80.353813
25.503954,-80.421039
27.464462,-80.421478
25.573052,-80.451642
27.749072,-80.43518
25.744387,-80.210475
25.799834,-80.130993
27.003464,-80.100915
28.130978,-80.650278
25.607628,-80.402397
25.46421,-80.554494
27.11405,-80.258719
25.59865,-80.353438
27.464769,-80.421227
25.743776,-80.210739
25.503995,-80.421015
25.579292,-80.365532
25.523647,-80.504272
25.778399,-80.131226
25.603905,-80.400567
27.562563,-80.411518
25.485598,-80.540233
25.721791,-80.339422
25.680803,-80.27225
25.677933,-80.275017
25.678287,-80.273404
25.659994,-80.273946
25.682053,-80.271896
27.413217,-80.398262
27.17552,-80.25267
27.254478,-80.196487
25.743563,-80.210927
27.016811,-82.055717
25.56961,-80.344232
25.395345,-80.58367
25.72404,-80.236293
25.576249,-80.506669
27.418555,-80.323417
25.447266,-80.501686
27.161695,-80.28521
26.942963,-82.029411
25.682111,-80.271378
25.533859,-80.492481
27.2195,-80.262927
25.679722,-80.279724
25.6851,-80.454398
25.786225,-80.129422
27.106345,-80.148205
26.441981,-81.929019
25.743177,-80.21106
27.638332,-80.440901
25.673263,-80.286095
26.941217,-80.166078
25.678687,-80.272783
25.446657,-80.553126
25.719621,-80.277966
25.533333,-80.493057
25.44761,-80.501802
27.112211,-80.257842
25.652553,-80.312295
25.719362,-80.277888
25.699636,-80.29513
25.12509,-80.406379
25.789922,-80.267018
25.744106,-80.210486
26.43444,-81.924884
25.67914,-80.273068
25.744112,-80.210542
27.534515,-80.353017
25.66998,-80.286347
26.926174,-80.140428
25.662808,-80.335305
25.024268,-80.494902
27.286624,-80.436795
25.110273,-80.42952
25.464392,-80.438114
25.576428,-80.451645
25.60919,-80.39772
24.648827,-81.566582
25.698437,-80.33362
25.126082,-80.406269
25.45937,-80.477644
25.630005,-80.358637
27.600619,-80.8218
25.471166,-80.884594
25.831367,-81.1006
25.785355,-80.129617
25.58213,-80.34161
25.678816,-80.273834
27.857208,-82.797938
27.637621,-80.384873
25.667803,-80.306942
25.709939,-80.286026
25.681651,-80.271842
27.43004,-80.382026
25.125267,-80.405983
25.557941,-80.478436
25.443855,-80.47406
25.607916,-80.398136
26.943632,-80.073409
27.269054,-80.31911
25.719629,-80.278773
27.154028,-80.244958
25.681472,-80.271831
26.444533,-81.935547
25.124641,-80.405995
25.677639,-80.272578
25.125095,-80.405438
27.227001,-80.213576
25.676905,-80.275174
26.84132,-80.097678
25.744282,-80.210809
25.480967,-80.482628
25.6075,-80.398055
25.701706,-80.453503
25.62736,-80.343426
25.626055,-80.448495
25.608407,-80.368915
25.58158,-80.355833
28.391884,-81.454788
25.463235,-80.346567
25.759967,-80.377815
25.679217,-80.256415
26.444967,-81.93062
25.677766,-80.275426
25.44615,-80.476601
25.534755,-80.453482
25.744287,-80.210022
25.784745,-80.128545
25.608952,-80.398221
25.718406,-80.277777
25.768899,-80.182979
25.646423,-80.349265
28.544138,-81.370315
27.037012,-80.111997
25.125203,-80.406474
25.679667,-80.27468
25.744486,-80.211528
27.259872,-80.241163
25.743645,-80.211097
26.943585,-80.074481
25.714077,-80.448391
25.743266,-80.211382
25.611367,-80.398089
25.682052,-80.273568
25.612547,-80.398845
27.640352,-80.512633
25.664617,-80.406988
25.701325,-80.277593
27.588987,-80.429082
27.003635,-80.10119
25.025978,-80.492887
25.681788,-80.271925
25.47008,-80.354333
25.094103,-80.44065
25.664413,-80.407067
25.754805,-80.371362
25.749546,-80.580852
25.607087,-80.399984
25.447469,-80.502231
25.744387,-80.210475
25.125192,-80.40562
25.678461,-80.273351
25.582333,-80.365163
25.699638,-80.295097
26.974531,-80.081062
25.444127,-80.473982
25.677136,-80.275598
27.199493,-80.202268
27.224771,-80.212037
26.943117,-80.071769
25.71957,-80.277803
25.796233,-80.27768
25.484872,-80.461517
26.446019,-81.927872
25.124612,-80.406107
26.828064,-80.043571
25.733271,-80.254363
25.759687,-80.373642
27.242679,-80.281546
25.027594,-80.492881
25.677794,-80.275046
25.247538,-80.577855
25.468722,-80.477557
25.606987,-80.39862
25.681817,-80.272266
25.743347,-80.21148
25.437704,-80.475559
25.681691,-80.271872
27.883728,-80.503638
25.610579,-80.397537
27.24283,-80.311473
26.173838,-80.262137
25.738655,-80.378282
25.48412,-80.461071
25.676843,-80.275283
25.677309,-80.266693
25.743338,-80.211473
27.937801,-82.285925
27.470149,-80.292338
25.743312,-80.211596
25.093945,-80.440988
25.785742,-80.363595
25.610803,-80.397217
29.893714,-81.316453
25.681688,-80.271897
25.526734,-80.49788
26.88323,-80.118775
27.766473,-80.510406
25.678155,-80.274715
25.558643,-80.454262
25.689675,-80.269478
27.19215,-80.76272
25.605707,-80.397501
27.255638,-80.196787
25.603202,-80.399083
27.228731,-80.213067
25.60759,-80.400928
27.599805,-80.339723
25.723344,-80.279926
25.676397,-80.275688
27.244353,-80.365553
25.744387,-80.210475
25.500556,-80.452714
25.492223,-80.415955
25.614405,-80.308937
25.743705,-80.210892
25.695996,-80.373319
25.690921,-80.248463
25.717363,-80.28039
25.125175,-80.405983
25.686417,-80.271372
27.113894,-80.259522
25.310375,-80.297533
25.683639,-80.278237
25.718455,-80.277962
25.675836,-80.272646
27.469739,-80.291104
25.479028,-80.433931
25.12513,-80.406411
27.675762,-80.332891
25.73136,-80.399275
25.737074,-80.309181
25.703824,-80.288511
25.744565,-80.210238
25.668946,-80.286713
25.70407,-80.358269
28.295666,-80.741333
25.78374,-80.127854
25.739906,-80.26639
25.60558,-80.39738
27.199493,-80.202268
25.731361,-80.399041
27.161239,-80.186758
25.446944,-80.501944
25.71944,-80.277955
25.743209,-80.21155
25.750915,-80.373955
26.941374,-80.072195
26.960505,-80.107383
25.744013,-80.210808
25.725862,-80.809262
25.614292,-80.346925
25.610783,-80.399785
25.731285,-80.398597
25.612716,-80.400263
25.678745,-80.273505
25.679974,-80.274337
25.744255,-80.210808
25.611405,-80.398628
27.708368,-82.738454
25.678742,-80.273651
25.677753,-80.275482
26.340167,-80.072189
25.676138,-80.276269
26.427937,-81.910962
25.726683,-80.24053
27.436366,-80.350542
27.782457,-80.406128
25.581797,-80.489258
27.225416,-80.224298
25.744224,-80.211217
27.602055,-80.823323
25.678255,-80.274286
26.952594,-82.06239
25.797383,-80.132744
25.743839,-80.211319
25.765422,-80.238822
25.678038,-80.273383
25.589999,-80.570793
26.111852,-80.119949
25.62947,-80.358963
28.545394,-81.371238
25.79142,-80.211257
25.65387,-80.415313
26.841312,-80.097672
25.501474,-80.412861
27.199493,-80.202268
25.284243,-80.35935
25.7313,-80.39892
25.447469,-80.502231
25.698397,-80.333603
25.67525,-80.372055
25.729637,-80.351503
27.756466,-80.415733
25.744255,-80.210807
25.12541,-80.405538
25.679228,-80.256602
25.766554,-80.329371
27.249225,-80.797494
27.201784,-80.258221
25.695848,-80.373385
25.762305,-80.770613
25.721637,-80.279284
25.586986,-80.520056
27.273049,-80.358226
27.642047,-80.456092
25.141556,-80.924728
27.469973,-80.291257
26.022166,-80.313294
27.215471,-80.177989
25.576436,-80.3394
25.692367,-80.367972
27.037195,-80.111843
28.544951,-81.37004
25.133118,-80.398474
25.447027,-80.50177
25.469147,-80.502005
25.680246,-80.421564
27.503613,-80.347695
25.463047,-80.346357
25.492887,-80.42917
25.756133,-80.376342
25.74387,-80.211713
25.024515,-80.494339
25.12541,-80.405538
25.673542,-80.285447
25.511362,-80.504738
25.125246,-80.406076
25.719944,-80.277498
27.169561,-80.293762
27.10975,-80.258217
25.726234,-80.038054
25.496256,-80.58683
25.680864,-80.272902
26.943665,-80.073414
25.125228,-80.405922
25.730801,-80.322464
25.125127,-80.405791
26.406972,-81.811997
27.482935,-80.436088
25.692853,-80.309245
27.264378,-80.40107
25.671172,-80.439142
26.444215,-81.93553
25.679228,-80.256602
25.745887,-80.375281
25.711069,-80.354253
25.467585,-80.480686
25.680114,-80.274153
25.608822,-80.325408
27.135611,-80.219413
25.446577,-80.502515
26.640872,-81.872309
26.766267,-80.936018
26.933358,-80.139253
25.12475,-80.405768
27.428627,-80.349094
27.469713,-80.291081
25.4741,-80.456405
25.522849,-80.467897
25.744387,-80.210475
26.759744,-81.438667
25.678647,-80.274522
27.229238,-80.298096
25.447094,-80.475001
25.795825,-80.185875
25.62948,-80.35868
27.201587,-80.256055
25.625825,-80.362748
26.862413,-80.070446
27.636297,-80.399763
25.678432,-80.273988
25.60295,-80.311589
25.564895,-80.370161
27.147022,-80.229362
25.673758,-80.414576
25.730783,-80.398169
25.191672,-80.356492
27.638542,-80.511032
25.679228,-80.256602
25.645405,-80.322463
25.678508,-80.274733
25.676586,-80.275736
25.12482,-80.405495
27.057041,-80.340075
26.863133,-80.631557
27.467062,-80.417288
25.124534,-80.405906
25.79132,-80.211342
25.662639,-80.381961
24.928574,-80.467628
25.125161,-80.405967
25.447558,-80.476045
25.608944,-80.396291
27.491865,-81.87149
25.446985,-80.502203
25.664655,-80.407061
27.212137,-80.207742
25.604817,-80.397784
25.612722,-80.40025
25.540485,-80.426561
25.670408,-80.424653
27.810614,-80.425579
26.183993,-81.703175
25.125281,-80.40548
26.934609,-80.123978
25.730188,-80.309617
25.68015,-80.272708
27.273049,-80.358226
25.610373,-80.396901
25.582007,-80.5512
25.731096,-80.398517
25.609116,-80.397816
25.743986,-80.211152
25.7743,-80.1937
27.586913,-80.377571
27.130912,-80.169852
25.755305,-80.377495
25.441191,-80.783911
27.21985,-80.295066
27.066524,-80.11542
25.751995,-80.358545
27.267627,-80.320447
25.500442,-80.44417
25.718377,-80.278276
26.9089,-80.088794
25.125254,-80.406076
25.109338,-80.425593
26.96177,-81.199171
25.735479,-80.375715
25.573197,-80.368697
27.036857,-80.112254
25.609105,-80.396197
25.447926,-80.491638
27.201125,-80.255989
25.680115,-80.274154
25.574581,-80.451553
25.795292,-80.131942
25.692425,-80.3672
25.677446,-80.275285
27.086051,-80.38247
27.534473,-80.357093
25.707874,-80.281845
25.720605,-80.278473
24.590453,-81.681
25.628768,-80.362727
25.744013,-80.21073
25.761154,-80.132337
25.559299,-80.451106
27.149333,-80.195617
25.437778,-80.475573
25.712779,-80.302764
27.600076,-80.337984
25.500678,-80.444313
26.061107,-80.44451
25.679994,-80.27416
25.610275,-80.397286
27.226999,-80.213575
28.125122,-82.74945
25.456848,-80.439202
25.661803,-80.393708
25.161112,-80.383614
25.756689,-80.377363
25.678742,-80.273651
25.731236,-80.398911
25.539795,-80.411373
25.124267,-80.404161
27.498413,-80.210897
25.67675,-80.272331
25.759746,-80.373504
27.162095,-80.195305
25.457686,-80.390658
26.680203,-81.868133
27.011555,-80.11244
25.433642,-80.531778
25.67673,-80.275653
25.607092,-80.479522
25.678255,-80.274286
25.443891,-80.47574
27.273049,-80.358226
25.667379,-80.349805
25.533861,-80.492804
25.743947,-80.21087
25.442861,-80.473889
25.614108,-80.309037
26.98442,-80.616043
25.679644,-80.274317
27.526186,-80.364577
25.677962,-80.275047
25.822522,-80.187395
25.678864,-80.273718
25.719975,-80.277428
25.738422,-80.166305
25.176197,-80.369967
28.35283,-82.592913
25.662323,-80.41706
25.678387,-80.27372
25.681688,-80.271897
25.795647,-80.186372
27.227445,-80.212773
27.42385,-80.326303
25.680775,-80.27128
25.426805,-80.501695
25.405531,-80.527751
25.67847,-80.27388
25.447283,-80.501738
25.70256,-80.291199
27.474068,-80.291653
25.534542,-80.492964
25.025661,-80.493819
27.495804,-80.300247
25.743355,-80.211508
27.25254,-80.2285
25.878693,-80.357273
25.745575,-80.351051
25.654014,-80.341591
25.6526,-80.310201
25.715292,-80.26872
28.131667,-80.627567
27.61006,-80.289064
25.552482,-80.468094
27.470161,-80.292305
27.197243,-80.254714
25.744045,-80.211022
25.719434,-80.277844
25.731415,-80.399672
28.271069,-80.410562
27.199493,-80.202268
25.503997,-80.421085
28.661381,-81.347424
25.770371,-80.140209
28.686741,-80.877403
25.678286,-80.274194
25.793341,-80.398856
25.872592,-80.121361
26.943586,-80.074475
25.718577,-80.277847
25.45715,-80.4748
27.689073,-80.409471
25.743604,-80.210711
25.743937,-80.210548
25.447351,-80.501778
27.809041,-80.464953
27.410988,-80.397223
26.808383,-80.096314
25.669987,-80.28605
25.734256,-80.380447
25.476645,-80.436538
27.464542,-80.421058
25.124833,-80.405967
25.678411,-80.273919
25.702009,-80.349379
25.685546,-80.336589
27.749445,-80.434883
26.122648,-80.137318
25.61015,-80.39688
27.542462,-80.384841
25.755431,-80.372666
25.677979,-80.275313
25.125246,-80.406076
25.665083,-80.414153
27.130701,-80.169411
25.445875,-80.488665
25.677749,-80.275418
25.634353,-80.206249
26.943587,-80.0727
25.573802,-80.452909
26.446095,-81.9344
25.464322,-80.334555
25.420722,-80.531561
25.744223,-80.210823
27.270928,-80.359597
25.675399,-80.275963
25.125164,-80.406567
27.273049,-80.358226
25.437718,-80.475563
25.679072,-80.270152
25.027583,-80.492648
25.744783,-80.210678
25.607121,-80.399515
25.677677,-80.272897
25.125257,-80.406595
25.534485,-80.492922
25.744158,-80.211533
27.212628,-80.259271
26.839077,-80.100558
25.653788,-80.413062
27.264998,-80.414513
26.44495,-81.93573
27.600586,-80.821817
25.627723,-80.383213
27.272745,-80.317269
25.743505,-80.211875
25.524158,-80.402672
25.468161,-80.472398
25.678275,-80.27431
25.718542,-80.277775
26.94362,-80.074219
27.453603,-80.323034
25.126105,-80.405845
26.355576,-81.755766
25.701472,-80.33487
25.719583,-80.277877
25.447716,-80.490829
25.73138,-80.399275
29.589187,-81.195572
26.978763,-80.08403
25.657391,-80.210735
25.670367,-80.424697
25.124534,-80.405906
25.941444,-80.198926
27.637755,-80.518587
25.468722,-80.477557
25.688493,-80.308204
27.560898,-80.321708
26.943313,-80.073111
25.496557,-80.446566
25.669595,-80.285714
26.137191,-81.757861
25.62953,-80.358712
25.462964,-80.452152
27.275603,-80.340331
25.843433,-80.32396
25.627865,-80.376164
25.612226,-80.397535
27.436668,-80.350221
25.545367,-80.4794
25.540079,-80.327589
25.610484,-80.397643
25.447231,-80.501753
25.679228,-80.256602
25.658268,-80.406235
25.610868,-80.398105
25.779685,-80.20782
25.448246,-80.474333
25.686691,-80.401888
25.611161,-80.398142
25.468722,-80.477557
25.478322,-80.435417
25.126955,-80.409203
25.681183,-80.272368
25.744567,-80.210502
25.669669,-80.28555
25.679228,-80.256603
25.68102,-80.44432
29.703957,-81.327206
25.670073,-80.28402
25.546028,-80.444815
27.178529,-80.235016
26.96429,-82.07254
25.45695,-80.474311
25.53599,-80.45361
25.480039,-80.461734
27.15521,-80.2196
26.93976,-82.02693
27.290028,-80.367451
27.17312,-80.232594
27.177147,-80.238265
27.178529,-80.235016
27.161917,-80.226579
26.93976,-82.02693
27.17651,-80.23646
26.958991,-82.068453
27.17426,-80.34624
27.064,-80.321333
27.06192,-80.32577
25.5599,-80.41555
26.93976,-82.02693
25.02524,-80.49378
27.20045,-80.25573
25.484972,-80.47802
26.93976,-82.02693
25.476622,-80.476872
25.500277,-80.44462
27.17426,-80.34624
27.17678,-80.23627
27.950946,-82.462372
26.96418,-82.07227
26.96429,-82.07254
25.500277,-80.44462
27.174269,-80.235371
25.093399,-80.440405
26.956011,-82.068747
25.484972,-80.47802
26.94238,-82.03083
25.097923,-80.437628
27.08797,-80.30305
27.2726,-80.31885
25.52821,-80.47803
26.93976,-82.02693
25.53586,-80.4617
25.55836,-80.45337
26.04591,-80.21976
25.67743,-80.28258
25.00485,-80.52356
25.458461,-80.476127
27.174269,-80.235371
25.455929,-80.476666
25.483274,-80.478143
26.93976,-82.02693
24.804479,-80.848237
27.289166,-80.36475
27.289166,-80.36475
27.174269,-80.235371
28.77416,-81.27818
26.95432,-82.06396
25.29046,-80.44533
27.1796,-80.235302
27.289166,-80.36475
27.16825,-80.33807
25.4443,-80.47903
25.48313,-80.47802
25.614117,-80.471033
26.93976,-82.02693
25.094961,-80.441109
26.963911,-82.073119
27.161897,-80.22646
25.484972,-80.47802
27.287264,-80.363729
26.963911,-82.073119
27.950946,-82.462372
26.963856,-82.072449
25.53599,-80.45361
27.06359,-80.12854
26.86917,-80.10678
27.174959,-80.235435
26.93976,-82.02693
25.483161,-80.478104
26.93976,-82.02693
25.670873,-80.284147
26.829195,-80.097834
26.93976,-82.02693
26.93976,-82.02693
26.93976,-82.02693
27.17312,-80.232594
25.67676,-80.27548
25.47662,-80.47688
27.179266,-80.235539
26.93976,-82.02693
25.53599,-80.45361
26.93976,-82.02693
27.289166,-80.36475
25.53599,-80.45361
27.13068,-80.1695
25.67868,-80.27381
25.44211,-80.53393
26.93976,-82.02693
25.55591,-80.43698
27.79289,-82.384076
27.17685,-80.23689
26.93976,-82.02693
26.93976,-82.02693
26.964055,-82.073101
26.93976,-82.02693
27.16061,-80.22589
25.447325,-80.483482
26.964293,-82.072539
26.93976,-82.02693
27.178533,-80.234984
27.289166,-80.36475
25.45842,-80.47676
26.95432,-82.06396
25.4443,-80.47903
27.09003,-80.28251
28.77416,-81.27818
25.53698,-80.47685
27.792533,-82.38041
27.13068,-80.1695
27.0741,-80.14757
26.93976,-82.02693
26.963911,-82.073119
26.96395,-82.073118
27.161917,-80.226579
26.95432,-82.06396
26.959273,-82.068951
25.48086,-80.439725
26.963911,-82.073119
27.19517,-80.22256
27.187634,-80.243397
26.939002,-82.024799
26.93976,-82.02693
27.17312,-80.232594
27.01943,-80.46523
27.1973,-80.2502
26.98581,-80.6054
27.220279,-80.374281
25.53599,-80.45361
26.9638,-82.072871
25.675983,-80.277405
29.642931,-82.347185
25.29046,-80.44533
26.93976,-82.02693
25.29006,-80.44542
28.77416,-81.27818
25.458408,-80.476461
26.96418,-82.072267
25.148776,-80.38952
27.178423,-80.23472
25.49964,-80.36582
27.264906,-80.264676
26.962614,-82.070971
25.479198,-80.46179
25.53599,-80.45361
27.17613,-80.25246
26.96388,-82.072375
26.93976,-82.02693
27.057739,-80.337911
25.48313,-80.47802
27.161797,-80.226823
26.95432,-82.06396
26.98581,-80.6054
25.67676,-80.27548
26.93976,-82.02693
27.17613,-80.25246
27.17678,-80.23627
25.094308,-80.440105
26.93976,-82.02693
26.93976,-82.02693
25.48479,-80.47871
25.02524,-80.49378
27.174269,-80.235371
27.9318,-80.651183
25.67999,-80.27415
27.14194,-80.21634
25.53586,-80.45543
26.96418,-82.07227
25.53599,-80.45361
25.1591,-80.38973
26.93976,-82.02693
28.708917,-80.888611
28.77416,-81.27818
26.93976,-82.02693
25.53599,-80.45361
26.046267,-80.220513
25.458461,-80.476127
26.963633,-82.072514
25.476496,-80.476591
25.4938,-80.3884
27.162049,-80.227938
25.484917,-80.478281
27.177605,-80.238872
25.476494,-80.476848
25.53599,-80.45361
27.79289,-82.384076
27.24445,-80.83071
25.29046,-80.44533
26.201457,-81.687271
27.289166,-80.36475
27.179266,-80.235539
27.79289,-82.384076
27.653,-80.355333
27.16181,-80.31334
27.182448,-80.241468
28.87331,-81.698827
27.7929,-82.3837
27.642767,-80.387
27.24445,-80.83071
26.96418,-82.072267
25.02524,-80.49378
25.476174,-80.477175
26.9638,-82.072871
27.289045,-80.364549
25.098868,-80.436281
25.837048,-80.306632
25.004887,-80.522115
27.17613,-80.25246
25.53599,-80.45361
26.93976,-82.02693
25.67732,-80.27247
25.093283,-80.440476
27.876195,-82.675609
27.289004,-80.365224
25.455929,-80.476666
26.93976,-82.02693
26.963856,-82.072449
27.289166,-80.36475
27.16844,-80.33802
25.099386,-80.436259
26.97795,-82.088742
26.93976,-82.02693
27.0904,-80.28116
25.67732,-80.27247
28.77416,-81.27818
27.37615,-80.3916
25.48067,-80.44219
25.148944,-80.389562
26.98581,-80.6054
25.093181,-80.440538
27.289166,-80.36475
25.02761,-80.49602
27.79279,-82.38369
25.48313,-80.47802
25.52103,-80.47513
25.62321,-80.30947
26.04603,-80.24915
27.161897,-80.22646
25.02524,-80.49378
25.48086,-80.439725
27.17426,-80.34624
25.458461,-80.476127
26.96429,-82.07254
26.93976,-82.02693
25.53599,-80.45361
28.77416,-81.27818
27.174269,-80.235371
25.48313,-80.478017
25.48316,-80.4781
26.93976,-82.02693
26.98578,-80.60523
25.06503,-80.47344
27.289166,-80.36475
27.950946,-82.462372
26.93976,-82.02693
27.179266,-80.235539
25.670873,-80.284147
26.964031,-82.07228
25.148559,-80.38951
27.10349,-80.26627
26.963816,-82.072975
27.179266,-80.235539
27.064,-80.321333
26.93976,-82.02693
26.941067,-82.03145
26.93976,-82.02693
25.67732,-80.27247
25.67732,-80.27247
27.289166,-80.36475
25.56487,-80.46645
27.21527,-80.2571
25.47755,-80.462332
25.485246,-80.477995
25.099284,-80.436162
26.963865,-82.072795
25.500458,-80.444853
27.950946,-82.462372
26.94225,-82.0308
25.097888,-80.437426
27.178533,-80.234984
25.52281,-80.46807
26.93976,-82.02693
26.46602,-82.1583
27.64285,-80.38725
25.485246,-80.477995
25.677728,-80.275437
28.094693,-80.619252
25.60995,-80.397558
27.109336,-80.258163
25.447222,-80.501663
25.7443,-80.2108
25.675923,-80.275894
25.719556,-80.277959
26.978523,-80.084481
27.811678,-80.425977
26.985949,-80.618659
25.681756,-80.271913
27.454,-80.323273
25.564333,-80.514541
25.609378,-80.397963
25.475903,-80.48348
27.144209,-80.241061
26.883879,-80.059976
26.1316,-81.7439
26.959233,-82.069703
25.744827,-80.21002
25.673767,-80.2839
25.462849,-80.346341
25.681688,-80.271897
27.767551,-80.512235
25.670539,-80.391414
25.605607,-80.368658
25.503964,-80.420994
25.678455,-80.273942
25.720932,-80.278639
25.72871,-80.277762
25.545831,-80.525959
25.678504,-80.273993
25.676136,-80.276274
26.931822,-80.080616
25.500971,-80.553874
25.499529,-80.407517
25.679228,-80.256602
25.675592,-80.372275
25.779842,-80.13015
25.754767,-80.37276
25.464442,-80.334567
25.125246,-80.406076
26.973857,-80.088016
25.678655,-80.274025
25.610604,-80.397357
27.214997,-80.178944
25.678183,-80.274128
27.305267,-80.307883
25.675455,-80.372162
25.61061,-80.397851
27.452304,-80.32865
26.915968,-80.073104
25.426772,-80.501711
25.720542,-80.278617
25.286013,-80.304038
26.324257,-80.078698
25.583051,-80.406286
25.779638,-80.207718
26.894318,-80.277169
25.447222,-80.501944
25.099167,-80.436111
26.487733,-81.789245
27.652458,-80.358392
26.88955,-80.117758
27.470291,-80.291063
26.984414,-80.616044
27.163489,-80.195283
27.269722,-80.318889
25.71998,-80.277387
25.720803,-80.276206
25.760241,-80.795409
25.766197,-80.221345
26.9,-82.260002
26.985047,-80.615925
25.610415,-80.397165
26.963007,-80.079103
25.610822,-80.397872
25.718504,-80.277
28.686667,-80.877242
27.827559,-80.478771
27.638934,-80.381693
25.095558,-80.442848
25.548618,-80.456044
27.748021,-80.389654
25.630178,-80.358719
25.548348,-80.347233
24.804348,-80.847706
26.952624,-82.061668
27.144209,-80.241061
25.125147,-80.405884
25.77152,-80.185478
26.160478,-81.762663
25.627303,-80.415458
25.63013,-80.432687
27.205656,-80.195236
25.764133,-80.263558
25.140374,-80.398114
25.56693,-80.457054
25.79575,-80.18592
25.692588,-80.370278
24.515541,-81.775377
27.213959,-80.338264
25.732096,-80.162195
25.093013,-80.441668
25.55867,-80.390288
27.024808,-80.472922
25.503966,-80.421052
25.607692,-80.402442
25.743838,-80.2115
26.934732,-80.130877
25.718058,-80.278252
25.5393,-80.328034
25.744228,-80.210167
25.473338,-80.469118
25.766169,-80.188492
25.5882,-80.382338
25.677817,-80.27572
25.677662,-80.27552
25.610604,-80.397357
27.128196,-80.333188
25.666659,-80.349286
25.719353,-80.278062
25.748616,-80.212487
25.419544,-80.511852
26.943585,-80.071903
27.74945,-80.434875
25.611409,-80.397832
25.681525,-80.297939
25.56263,-80.324897
26.93452,-80.119811
25.677715,-80.275311
27.287812,-80.289676
25.500334,-80.444308
25.678742,-80.273651
25.611367,-80.398089
25.754622,-80.274961
26.225307,-81.69957
26.206301,-80.37383
25.66125,-80.437143
25.464414,-80.334755
25.464465,-80.334412
25.677729,-80.275613
25.094311,-80.440547
25.719579,-80.277842
25.979623,-80.279769
25.125787,-80.406019
25.569155,-80.428628
26.93313,-80.125585
25.679281,-80.256672
25.447886,-80.479224
27.479352,-80.31231
25.50398,-80.421021
25.485247,-80.541679
27.156315,-80.220376
27.243547,-80.312057
26.956589,-82.071032
27.490437,-80.33615
25.731096,-80.398517
25.702332,-80.349592
27.243958,-80.311989
27.395507,-80.39746
25.573369,-80.475828
27.271996,-80.20649
25.496283,-80.476853
25.678147,-80.275422
26.94207,-80.161744
27.303382,-80.373062
25.568345,-80.375087
27.019654,-80.466313
25.782142,-80.247765
25.679228,-80.256602
25.793222,-80.211931
25.681688,-80.271897
27.473262,-80.292428
25.538216,-80.325393
25.677678,-80.275539
25.44804,-80.489242
27.63832,-80.387789
25.676572,-80.275878
25.679492,-80.27357
25.607942,-80.397362
25.481576,-80.483111
27.229238,-80.298096
25.755142,-80.372513
28.545918,-81.373139
27.417578,-80.396143
27.702719,-80.414871
27.265243,-80.201429
25.610465,-80.310123
25.0275,-80.492756
25.719062,-80.277947
25.679228,-80.256602
25.448275,-80.47428
25.654748,-80.396456
27.189808,-80.250973
27.227237,-80.212308
27.27233,-80.308761
27.224516,-80.211563
25.983255,-80.194947
26.421896,-81.905079
25.760762,-80.390312
25.447402,-80.479655
25.663506,-80.416351
27.271387,-80.320376
25.79144,-80.211154
25.678652,-80.271897
27.144076,-80.30975
27.298297,-80.297845
29.89398,-81.316574
27.259253,-80.282172
25.823361,-80.25594
25.125145,-80.405975
25.447222,-80.50177
25.447552,-80.502237
25.124716,-80.406532
27.131224,-80.165004
25.685888,-80.445372
25.723311,-80.280359
25.731377,-80.39855
25.756283,-80.377396
27.244995,-80.280708
25.611246,-80.402661
25.760536,-80.427647
25.719446,-80.277866
27.292299,-80.326988
25.613683,-80.360672
25.678413,-80.274353
26.97,-82.079339
25.446349,-80.475745
26.943306,-80.073652
25.763571,-80.195694
25.446707,-80.501647
25.627228,-80.407913
25.681319,-80.271606
25.744147,-80.210228
27.716628,-80.231736
25.595182,-80.354317
25.791102,-80.196731
25.124811,-80.405845
25.877822,-80.127914
25.756294,-80.375656
27.515444,-80.277663
25.743688,-80.21093
25.719629,-80.277961
27.130711,-80.16943
25.501306,-80.394011
25.500334,-80.444308
25.677442,-80.275803
25.447529,-80.501772
25.676774,-80.271942
27.023251,-80.470154
27.288757,-80.383652
25.76107,-80.367741
25.679058,-80.273806
26.905287,-80.131758
25.744762,-80.210764
27.322912,-80.31788
27.738913,-80.29783
25.125246,-80.406076
25.702549,-80.291153
25.827067,-80.352885
27.561248,-80.322087
25.661031,-80.441968
25.678451,-80.273953
25.670138,-80.28616
25.669538,-80.438249
25.536249,-80.478797
25.171667,-80.373611
25.395597,-80.583931
25.611154,-80.398142
25.494684,-80.457636
26.445307,-81.93578
25.781438,-80.283967
25.67849,-80.273297
28.545394,-81.371238
27.2681,-80.3341
25.475171,-80.445569
25.651482,-80.394597
25.628528,-80.439203
25.43303,-80.52942
25.1248,-80.405762
25.125121,-80.406299
25.12514,-80.405945
25.594545,-80.415002
27.227278,-80.212344
25.629305,-80.358728
26.436936,-81.922518
25.790793,-80.213948
25.671796,-80.393797
25.711683,-80.277403
25.656663,-80.401208
25.675586,-80.263816
25.744436,-80.210039
25.463911,-80.43142
26.961847,-80.078839
26.442011,-81.928946
25.7194,-80.27787
25.678386,-80.2745
25.743516,-80.211105
25.676453,-80.272425
25.737074,-80.309181
25.598744,-80.344583
26.610786,-81.625988
25.125088,-80.405916
25.739859,-80.253279
25.579112,-80.368306
25.669644,-80.285724
25.534862,-80.453492
25.70668,-80.26023
25.699463,-80.2949
25.764688,-80.249237
25.664597,-80.407067
25.719438,-80.278376
25.676844,-80.275469
25.744387,-80.210475
25.718719,-80.277925
27.201586,-80.256942
25.537128,-80.410592
26.943601,-80.074047
25.918043,-80.270869
27.159917,-80.204609
25.757086,-80.371979
27.436772,-80.350265
25.446211,-80.47599
27.317147,-80.398042
25.731145,-80.398624
25.500334,-80.444308
25.571424,-80.331715
25.537524,-80.597837
25.743996,-80.210879
25.719658,-80.278838
25.464301,-80.337729
25.125246,-80.406076
26.175551,-81.718263
25.74475,-80.210512
25.124703,-80.405648
27.475945,-82.39917
25.666181,-80.357827
27.35413,-80.354562
25.604365,-80.39832
27.227301,-80.249878
25.735329,-80.205571
25.611435,-80.393802
25.465033,-80.33442
27.199653,-80.308105
25.280143,-80.298866
25.573353,-80.45328
25.469742,-80.369032
27.11085,-80.25746
25.535125,-80.493813
25.447232,-80.501906
25.629242,-80.342797
25.644338,-80.287233
27.265237,-80.201414
25.40765,-80.523591
25.447213,-80.474945
25.733353,-80.433237
25.099008,-80.43557
25.684928,-80.366566
25.609166,-80.397736
25.582558,-80.342933
25.710935,-80.28255
25.566903,-80.372847
25.123473,-80.408499
27.423325,-80.358921
25.75812,-80.369594
25.536388,-80.493889
25.70398,-80.347145
25.743417,-80.211388
27.149983,-80.19538
27.161079,-80.337883
25.025978,-80.492887
26.934542,-80.119697
25.685231,-80.350527
25.718496,-80.278028
24.668158,-81.452822
25.679228,-80.256602
25.753509,-80.372046
25.572407,-80.375083
25.744387,-80.210475
27.023849,-80.471412
25.679106,-80.256683
25.485556,-80.541389
25.629321,-80.397822
25.756412,-80.287803
27.057041,-80.340075
25.124503,-80.405913
25.614503,-80.308813
27.585808,-80.420822
25.771968,-80.363846
25.78394,-80.353152
25.447165,-80.502285
28.686638,-80.8769
25.617788,-80.315427
27.774785,-80.402383
25.737518,-80.305607
25.465574,-80.332745
26.009069,-80.14158
27.660887,-80.463858
25.125936,-80.405701
25.480928,-80.482611
25.700967,-80.365688
25.629708,-80.358817
26.75349,-80.233545
25.729186,-80.431515
24.709739,-81.101081
25.424415,-80.529239
27.503954,-80.347313
25.125178,-80.405503
27.810162,-80.426167
25.12445,-80.405717
26.889464,-80.117003
25.743845,-80.210755
25.720633,-80.278922
25.447304,-80.50236
25.500334,-80.444308
25.590324,-80.357104
25.707251,-80.430103
25.482096,-80.429676
25.681119,-80.271749
25.696485,-80.285068
25.7002,-80.400878
27.561562,-80.324137
25.719545,-80.278767
27.896366,-81.596703
25.681807,-80.33633
25.718627,-80.276934
25.819937,-80.288003
25.679072,-80.270152
26.943605,-80.074048
26.88817,-80.114914
25.752281,-80.371037
25.125289,-80.406258
25.681727,-80.271872
25.125192,-80.406106
26.066692,-80.111704
25.558974,-80.452872
27.19708,-80.2583
25.719566,-80.27813
27.215343,-80.17828
25.718947,-80.276237
25.125246,-80.406076
25.126082,-80.406269
25.571774,-80.37569
25.124703,-80.406346
25.383278,-80.610082
25.679058,-80.273806
25.599588,-80.428483
25.607553,-80.399494
25.744193,-80.210291
25.679228,-80.256602
25.671599,-80.156326
27.569196,-80.412138
25.718869,-80.278149
25.448186,-80.475496
25.550413,-80.53353
27.31292,-80.406692
25.681275,-80.272355
25.094758,-80.442572
25.712552,-80.285011
25.720354,-80.275597
25.693462,-80.303458
25.679248,-80.256792
26.943578,-80.074189
25.463435,-80.346722
25.678817,-80.273666
25.471103,-80.458971
25.605334,-80.398853
25.663594,-80.37229
25.718155,-80.296325
27.698638,-83.804601
26.929588,-80.068955
25.678742,-80.273651
25.719428,-80.277863
25.607462,-80.398545
25.75152,-80.226197
25.675713,-80.37175
26.439309,-81.925554
27.205388,-80.195472
27.647989,-80.440835
25.69515,-80.33407
26.956589,-82.071032
28.544577,-81.371704
26.112964,-80.366608
25.52329,-80.468777
25.682347,-80.385216
27.629675,-80.390403
25.323566,-80.893106
25.124832,-80.40583
27.199493,-80.202268
27.52143,-80.398042
25.74375,-80.21088
25.49732,-80.411033
25.701583,-80.333854
25.448201,-80.474512
26.825552,-80.042991
25.744172,-80.210154
25.458445,-80.475288
25.610685,-80.402927
25.540657,-80.437698
25.791394,-80.211179
25.503974,-80.421031
25.67638,-80.276013
25.684974,-80.366494
25.677976,-80.275297
25.729117,-80.243462
25.603947,-80.400605
25.681607,-80.271831
26.589157,-80.114822
25.68058,-80.260637
25.679959,-80.273363
25.744387,-80.210475
26.839598,-80.101914
25.718426,-80.327258
25.72081,-80.275449
25.681538,-80.272037
25.10295,-80.432313
25.730428,-80.284874
25.716812,-80.24292
25.747738,-80.206245
27.268196,-80.317887
25.611154,-80.398142
27.470004,-80.290841
25.676547,-80.27526
25.447578,-80.501755
26.775167,-80.033821
25.694003,-80.326394
25.68117,-80.272647
25.729167,-80.425278
25.74403,-80.210472
25.678669,-80.273083
25.680088,-80.274147
27.036974,-80.111976
25.426829,-80.501627
25.124986,-80.405808
25.191571,-80.356478
24.89513,-80.66552
25.731222,-80.398942
25.461576,-80.33642
25.676714,-80.275493
25.426833,-80.501695
25.708053,-80.286055
25.675925,-80.276245
25.731096,-80.398517
26.952709,-80.082523
27.78635,-80.41342
26.890995,-80.114942
25.124939,-80.405489
25.480842,-80.463189
27.280966,-80.208523
25.679283,-80.274295
25.168333,-80.332451
27.269386,-80.318699
25.754762,-80.371405
25.09272,-80.443237
25.677833,-80.275345
27.189703,-80.374657
25.587635,-80.508154
25.65564,-80.38441
25.50399,-80.421046
26.905689,-80.060145
25.719242,-80.277947
25.4721,-80.4519
26.943588,-80.074097
25.652429,-80.312993
25.678823,-80.273212
25.74539,-80.211552
25.464528,-80.335657
25.715347,-80.508982
28.095072,-81.274262
25.669709,-80.285739
25.689678,-80.285086
25.681666,-80.271908
25.742659,-80.334763
25.744038,-80.210383
25.124467,-80.405813
25.731558,-80.367245
25.654341,-80.369276
25.795946,-80.185794
25.610219,-80.397042
25.681691,-80.271832
27.160399,-80.269015
25.125075,-80.40583
25.696188,-80.304992
29.894209,-81.31665
27.30145,-80.21796
27.017492,-82.051719
25.405531,-80.527751
25.096317,-80.435762
25.759342,-80.373878
25.678403,-80.274058
25.738338,-80.378228
27.255835,-80.209541
25.606684,-80.399376
25.125246,-80.406076
25.719429,-80.277959
25.61096,-80.308196
26.291124,-80.150499
25.500722,-80.4443
25.673212,-80.50844
25.853495,-80.195913
27.452513,-80.322655
27.091123,-80.296111
25.733492,-80.249303
27.52143,-80.397604
27.600453,-80.821797
26.978818,-80.082909
25.564577,-80.341201
25.096317,-80.435762
25.681666,-80.271864
25.702009,-80.37326
25.125392,-80.405459
27.638232,-80.398152
25.137572,-80.411812
25.76341,-80.284011
26.507231,-80.051283
25.749225,-80.270813
25.781856,-80.377228
26.487719,-81.789326
27.130545,-80.200594
27.225477,-80.225683
27.137646,-80.163725
25.677338,-80.452408
27.010444,-80.550891
26.761732,-81.438409
25.67652,-80.276017
25.666024,-80.357827
27.194651,-80.235691
25.141323,-80.924232
25.604425,-80.422195
25.474546,-80.445301
25.627857,-80.407113
25.64765,-80.214218
25.125689,-80.405393
26.982331,-82.097658
26.882727,-80.117496
25.766955,-80.270509
25.756594,-80.254293
25.50065,-80.444428
26.97638,-80.089347
25.669234,-80.360734
25.747413,-80.205597
25.60924,-80.396189
25.782751,-80.207558
25.558721,-80.451439
25.537128,-80.410592
27.172797,-80.268975
27.229238,-80.298096
25.670197,-80.285988
25.537794,-80.406128
25.464363,-80.334847
25.471817,-80.451794
25.614463,-80.309037
25.129727,-80.407798
25.652671,-80.306835
25.456858,-80.472992
25.731096,-80.398517
25.69273,-80.36618
27.242043,-80.388133
25.688238,-80.207612
27.197548,-80.252826
25.723263,-80.280121
27.689072,-80.412658
25.755154,-80.377354
25.77858,-80.131036
25.681723,-80.271812
27.249939,-80.399139
27.638738,-80.406193
25.679245,-80.256875
25.608689,-80.397623
27.7932,-82.3836
26.335088,-80.54084
26.335088,-80.54084
27.446706,-80.325606
26.984413,-80.61605
25.610146,-80.396885
25.676473,-80.275993
25.677925,-80.275087
25.61273,-80.478675
25.754811,-80.379363
26.498188,-80.205577
25.200236,-80.31443
25.464228,-80.334983
25.681639,-80.271909
27.172817,-80.227088
25.733133,-80.248627
28.545133,-81.370831
25.67933,-80.27368
25.468281,-80.472348
25.574775,-80.451562
25.791428,-80.21123
25.477013,-80.436447
27.16398,-80.181566
25.443618,-80.473609
25.677565,-80.275511
27.181206,-80.261199
25.677942,-80.274955
25.501017,-80.460503
25.678255,-80.274286
25.676575,-80.27613
27.347778,-80.246667
25.744043,-80.210483
25.496548,-80.304515
25.534485,-80.492922
25.508575,-80.49913
26.942861,-80.07305
25.679303,-80.273125
25.73012,-80.391724
25.599553,-80.428428
25.652605,-80.310227
25.447492,-80.502008
25.743322,-80.211083
27.146397,-80.197587
25.675212,-80.27697
25.440392,-80.508125
25.782611,-80.134077
25.558515,-80.453601
27.351272,-80.245531
27.823982,-80.707243
25.718615,-80.277933
27.270027,-80.323167
25.754696,-80.376331
25.588875,-80.338547
25.446867,-80.484353
25.558515,-80.453601
25.79985,-80.308613
25.71927,-80.27877
26.943694,-80.073971
25.555844,-80.470611
26.011053,-80.140464
25.719437,-80.277047
25.667826,-80.438141
25.688316,-80.411126
25.676919,-80.271967
25.770445,-80.363423
25.740555,-80.335918
25.53609,-80.453642
25.677547,-80.275925
27.161213,-80.326804
25.447083,-80.501747
25.447287,-80.502025
25.235356,-80.43291
26.326081,-80.062984
25.466873,-80.403914
26.444478,-81.935403
26.888447,-80.116761
25.730378,-80.256492
27.26992,-80.318672
25.706897,-80.420342
25.664587,-80.406433
26.445097,-81.928275
25.669581,-80.284868
25.629183,-80.342728
25.684904,-80.437261
25.719197,-80.277612
25.475267,-80.423263
28.153895,-82.566461
25.48687,-80.458889
25.44412,-80.473995
26.445304,-81.934359
28.535844,-81.379047
26.581453,-80.056403
25.12495,-80.405532
25.743552,-80.211764
25.678742,-80.273651
27.688703,-80.413308
25.678531,-80.274694
25.633969,-80.364417
25.614807,-80.397013
25.447529,-80.501772
27.749863,-82.376305
25.790737,-80.214017
25.447222,-80.501663
25.74467,-80.210417
27.270894,-80.319051
27.270207,-80.319255
25.57522,-80.451798
25.125246,-80.406076
25.755205,-80.37176
25.685613,-80.441757
27.01145,-80.468532
25.125246,-80.406076
25.381952,-80.606467
25.744395,-80.210495
26.976515,-80.081965
25.57045,-80.479195
25.500092,-80.469345
27.091002,-80.296085
25.662405,-80.416345
27.66092,-80.391539
25.614228,-80.306878
25.673709,-80.41475
25.679003,-80.273227
25.676492,-80.275787
27.224972,-80.212212
27.470328,-80.32881
25.500334,-80.444308
25.677959,-80.275294
27.676978,-80.362883
25.731406,-80.398593
25.575477,-80.451903
27.031468,-80.269444
27.827334,-80.477514
25.124326,-80.407232
25.679228,-80.256602
25.701583,-80.333854
25.710138,-80.415695
25.744372,-80.21077
25.4475,-80.50177
25.027629,-80.492342
26.275166,-80.133777
27.484736,-80.340814
27.126453,-80.34047
25.744387,-80.210475
25.547072,-80.36602
25.723258,-80.280204
25.71848,-80.278018
27.418952,-80.382409
25.611909,-80.397345
27.200116,-80.254033
25.625988,-80.448538
25.74437,-80.210647
27.900055,-81.582987
25.123637,-80.402831
27.464334,-80.422339
25.80888,-80.285063
27.058847,-80.215363
27.070958,-82.062168
25.447165,-80.502285
26.979095,-80.614638
25.611178,-80.402672
25.662976,-80.319631
25.445787,-80.50169
25.627723,-80.383213
25.754447,-80.372478
25.718492,-80.278005
25.607513,-80.399836
25.58482,-80.361358
25.611153,-80.402166
26.523092,-81.906769
25.608897,-80.396767
26.523245,-81.936417
25.738978,-80.436972
25.464301,-80.337729
25.947761,-81.744011
25.675996,-80.275357
27.474688,-80.332119
25.634188,-80.352234
25.736683,-80.235237
25.504295,-80.448587
25.743659,-80.211872
25.756542,-80.377442
25.72081,-80.278568
25.69933,-80.295404
27.128472,-80.331992
25.610572,-80.397453
25.718309,-80.27706
25.727995,-80.234947
25.122232,-80.408019
25.500334,-80.444308
25.675904,-80.321027
25.681684,-80.271848
25.124608,-80.406013
25.619271,-80.321738
26.715403,-80.778509
25.795538,-80.185653
25.744663,-80.210517
25.795747,-80.185813
25.447512,-80.501785
27.45697,-80.322691
27.451543,-80.321955
25.459774,-80.333063
27.305306,-80.371611
25.644338,-80.287233
25.535142,-80.493933
25.464644,-80.335119
25.447147,-80.502218
26.97773,-80.082173
27.686106,-80.408479
25.7571,-80.375222
27.60057,-80.822117
25.678422,-80.273887
25.664617,-80.407045
25.679849,-80.314171
25.461287,-80.335992
27.01048,-80.112502
25.750648,-80.248838
25.746279,-80.21114
25.125832,-80.40596
25.551448,-80.478428
25.534566,-80.492149
25.719592,-80.277917
25.463435,-80.475792
25.755431,-80.372386
25.611043,-80.400454
25.677678,-80.275539
25.499529,-80.407517
27.247532,-80.232439
25.124661,-80.405487
25.652375,-80.312656
25.517187,-80.387612
26.943645,-80.074075
27.656132,-80.463333
25.7044,-80.284355
27.632892,-80.387855
25.677742,-80.275445
27.154298,-80.196825
25.880329,-80.222789
25.433836,-80.72324
25.679228,-80.256602
25.743625,-80.211012
25.681686,-80.271815
25.719498,-80.278097
28.686583,-80.877555
26.446258,-81.933357
25.678652,-80.271897
26.934458,-80.118033
27.225971,-80.213291
25.395319,-80.583072
26.105556,-80.105392
26.943123,-80.07573
25.953661,-80.127378
25.719222,-80.278145
25.779194,-80.207949
25.60934,-80.403628
25.755022,-80.37735
26.427855,-81.910872
25.12499,-80.405497
25.745447,-80.215656
27.03134,-80.235354
25.745543,-80.146637
25.125246,-80.406076
27.272995,-80.207925
25.743253,-80.211578
27.205482,-80.195387
27.475552,-80.296407
27.418575,-80.381662
25.603353,-80.415025
27.301763,-80.30532
25.124745,-80.405505
25.612913,-80.400033
28.572449,-80.861023
25.143547,-80.92273
25.475283,-80.423242
25.79153,-80.20203
25.500705,-80.444328
25.744387,-80.210475
25.681405,-80.272083
27.129717,-80.210671
27.128472,-80.332004
25.503939,-80.421031
25.124651,-80.405411
25.729037,-80.26059
25.743938,-80.210572
25.679228,-80.256602
27.224571,-80.212069
25.648169,-80.330798
27.03685,-80.112133
29.788163,-82.030031
26.741603,-80.106933
26.447105,-81.933172
25.125338,-80.407813
25.500705,-80.444328
25.770371,-80.140209
